date,actual,Naive,Seasonal Naive,Best ARIMA,Best ARIMAX,Best SARIMA,Best GARMA,Best GARMAX,Best SARIMAX
2025-01-01,66093.58387499,71629.25720833,66416.57704167,71853.76989695404,67972.68559267274,71952.91847935003,68021.89424240276,66805.81074855164,67049.07638435104
2025-01-02,77405.054,71629.25720833,75394.72508333,77540.85872041046,76098.2640703085,74832.4303268671,73127.41586186909,74259.00116291993,74876.32169471984
2025-01-03,80445.57866666,71629.25720833,77224.80237501,76876.70995366795,78927.89176958306,75800.3566250301,75914.81594283061,75666.59908616752,77246.73084791646
2025-01-04,76948.518375,71629.25720833,74816.18320834,78429.21284866556,74531.49281812561,70893.7322739898,75083.22092588722,71693.76442988594,72569.83146847463
2025-01-05,71794.29416667,71629.25720833,70248.53175001,78068.68964596468,69820.98354464979,66030.7686578178,71668.10839747201,67415.5300981862,67457.15214034086
2025-01-06,82590.33975,71629.25720833,74499.63329166,78522.2826819696,80009.85697822295,76147.40896714675,73630.3268942368,79229.28032325188,77501.03493084363
2025-01-07,84368.57641666,71629.25720833,71629.25720833,78380.8386884051,82002.56747111783,77363.2157417633,72226.34612695755,81620.71057339468,79063.80841256953
2025-01-08,85329.375625,71629.25720833,66416.57704167,78524.57184802069,82605.25972004233,77363.86969230958,69315.56555747344,81785.94284271573,79695.9644257499
2025-01-09,84609.98800000001,71629.25720833,75394.72508333,78479.11508623944,82763.43278507671,78084.91351054239,71996.73434679376,82134.00492995941,80175.3157358509
2025-01-10,83995.76341667,71629.25720833,77224.80237501,78531.07943339608,82429.01328057214,77685.10085702453,74689.05611117136,82080.78208862855,80066.45249047708
2025-01-11,78208.29129167,71629.25720833,74816.18320834,78522.02391124253,76969.01361066644,71549.66350474552,74914.6981536461,76270.7273105434,74225.91207912294
2025-01-12,71682.59675,71629.25720833,70248.53175001,78545.78494687399,71538.43494405094,66041.7244626475,72614.97908373478,70473.60362161802,68463.495604241
2025-01-13,81806.85420833,71629.25720833,74499.63329166,78549.68578478001,81254.08437989265,76493.2628166181,73315.03917864744,82222.42825913905,78923.36802641187
2025-01-14,83330.41658332001,71629.25720833,71629.25720833,78564.55169992104,82940.60311631214,78007.06864621093,72550.37783331196,84649.14834533418,80632.647119142
2025-01-15,83801.347375,71629.25720833,66416.57704167,78572.91716258493,83346.98228520066,77891.33511577046,70311.32579367877,85365.80324725817,81081.44590484974
2025-01-16,85495.49266666,71629.25720833,75394.72508333,78584.92899931256,83380.07137855157,78336.90080327154,71522.39624412749,85558.4092366024,81289.61134281823
2025-01-17,86726.92479167,71629.25720833,77224.80237501,78594.8057929814,82966.34472115323,77781.51042916608,73715.83885127795,85244.678068402,80987.26093358528
2025-01-18,81403.10833334,71629.25720833,74816.18320834,78605.89174278923,77456.27023622065,71516.0383125964,74516.17025568256,78897.55903688865,74959.9361950403
2025-01-19,76694.18395833,71629.25720833,70248.53175001,78616.2749668211,71994.16480255514,65947.36871289834,73161.38682109541,72554.06333398154,69089.53879269166
2025-01-20,88385.43225,71629.25720833,74499.63329166,78627.0584763946,81689.95795876595,76450.7089948276,73257.14460715743,84252.56845964957,79590.02690915385
2025-01-21,91683.55695833999,71629.25720833,71629.25720833,78637.61039526924,83363.87037679584,78008.2264690001,72757.71621628414,86384.49244601223,81305.94747552073
2025-01-22,93146.47437499999,71629.25720833,66416.57704167,78648.29469270592,83762.05341660685,77884.10096400167,71063.72406300162,86888.6656706763,81717.87970464175
2025-01-23,91952.31916667,71629.25720833,75394.72508333,78658.90260782726,83789.53218975053,78300.14878412208,71416.78424195279,86957.02447954318,81877.55871472374
2025-01-24,90610.89420834,71629.25720833,77224.80237501,78669.55427528429,83371.60844990246,77727.84776674966,73022.012129078,86621.38071966698,81537.0315354428
2025-01-25,83354.15425001,71629.25720833,74816.18320834,78680.18073883707,77857.99593616548,71447.5884047402,74040.58368297182,80210.03868043762,75472.07235789923
2025-01-26,76669.31654166,71629.25720833,70248.53175001,78690.8216576505,72392.52600493148,65871.85116103663,73404.14325168151,73835.87448012792,69574.20778876486
2025-01-27,87644.47295833999,71629.25720833,74499.63329166,78701.45425757105,82084.81534052876,76381.20501193669,73287.37324167378,85839.8758259899,80066.7618022757
2025-01-28,89118.80220834,71629.25720833,71629.25720833,78712.09163228913,83754.88290000416,77943.73460997864,72909.4940370107,88100.31359637475,81769.65045652725
2025-01-29,89109.522625,71629.25720833,66416.57704167,78722.72626077496,84148.75003539586,77818.49446722226,71629.49879786678,88667.63106876396,82162.16393863357
2025-01-30,87435.38429166,71629.25720833,75394.72508333,78733.36246624152,84171.35828775013,78230.9755595605,71507.70017457884,88691.70968259328,82300.33953424815
2025-01-31,84288.29687499,71629.25720833,77224.80237501,78743.99776502894,83489.63750150551,77656.6339433758,72574.7760998397,88057.74332611998,81774.9338795291
2025-02-01,78937.68916666,71629.25720833,74816.18320834,78754.63358460693,77878.82153968372,71374.61562078873,73584.27498522286,81230.85739304495,75720.454139798
2025-02-02,73801.73558333999,71629.25720833,70248.53175001,78765.26910482276,72712.27357941917,65798.05130082955,73440.54254130054,74573.87041725374,69867.32349436934
2025-02-03,86819.54804167,71629.25720833,74499.63329166,78775.90479701897,82397.10846489691,76308.1339728275,73318.68637011891,86445.92904663262,80341.85096230164
2025-02-04,89394.80504167,71629.25720833,71629.25720833,78786.5403903698,84059.0435587023,77871.28158216653,73023.18070508752,88463.4461019727,82025.55453493838
2025-02-05,90486.01120834,71629.25720833,66416.57704167,78797.17604051197,84444.09959421075,77745.9403823337,72054.04913919981,88779.60040111125,82397.56261198517
2025-02-06,90475.78325,71629.25720833,75394.72508333,78807.81165801598,84457.22082107134,78158.03247961799,71692.58288364283,88594.70599672203,82514.50510455093
2025-02-07,90607.33966667,71629.25720833,77224.80237501,78818.4472942733,84023.66097165922,77583.48195368523,72322.35317842475,87895.33086433087,82131.80481870603
2025-02-08,82932.17270832,71629.25720833,74816.18320834,78829.08291975353,78493.10775165397,71301.2875906514,73198.07616321996,80997.7783058478,76023.76509670477
2025-02-09,77773.06416666,71629.25720833,70248.53175001,78839.71855142631,73009.38150808196,65724.656675413,73354.07827821038,74159.16788547492,70083.4105239359
2025-02-10,90970.59645833,71629.25720833,74499.63329166,78850.35417954049,82682.09846637574,76234.85583807697,73315.31173573226,85752.53061636024,80535.52493988663
2025-02-11,93227.74791667,71629.25720833,71629.25720833,78860.98980969949,84331.28479546773,77798.10657766536,73100.58381377629,87565.36196294511,82196.28434070636
2025-02-12,93907.32004167,71629.25720833,66416.57704167,78871.62543868343,84702.97486988852,77672.78351892714,72369.94083712455,87758.93680600805,82544.81124802532
2025-02-13,92957.77249999999,71629.25720833,75394.72508333,78882.26106834259,84702.12785506697,78084.85968943246,71910.9190341752,87518.46145825926,82637.83188120095
2025-02-14,91572.65333333,71629.25720833,77224.80237501,78892.89669761375,84254.01361155914,77510.3144156812,72212.44689013979,86817.18364935346,82230.84154994742
2025-02-15,85123.11908334,71629.25720833,74816.18320834,78903.53232710785,78708.33713245596,71228.12915623948,72901.34438278341,80044.13462896927,76098.13897126315
2025-02-16,79934.99183334,71629.25720833,70248.53175001,78914.16795647384,73208.93716326839,65651.52024442155,73208.69629815263,73361.80899326924,70132.79212425939
2025-02-17,93175.29241666,71629.25720833,74499.63329166,78924.80358591345,82865.4493932892,76161.76300297977,73271.0064629886,84911.10256755598,80559.62807116509
2025-02-18,93085.31824999,71629.25720833,71629.25720833,78935.43921531076,84497.92047584656,77725.05576752627,73141.1556105272,86775.74749407206,82194.78315560677
2025-02-19,92258.32345834,71629.25720833,66416.57704167,78946.07484473237,84852.40624543118,77599.76471601655,72599.8619758134,86973.26810798052,82517.39784272297
2025-02-20,93766.28433333,71629.25720833,75394.72508333,78956.71047414001,84833.88825729775,78011.86888007665,72127.65394165879,86695.35890366246,82584.23036248083
2025-02-21,94146.51479166001,71629.25720833,77224.80237501,78967.34610355568,84367.6596449278,77437.35410012999,72199.58210506568,85968.62928038689,82150.80508756878
2025-02-22,86149.76758333,71629.25720833,74816.18320834,78977.98173296674,78803.449509425,71155.19979034447,72694.00884079211,79230.75442363806,75991.4396320075
2025-02-23,80895.36504167,71629.25720833,70248.53175001,78988.61736238045,73285.1214900717,65578.62335034506,73048.67571036368,72568.52329559402,69999.22754860489
2025-02-24,93950.64279167,71629.25720833,74499.63329166,78999.25299179264,82922.33690504347,76088.9011275,73194.25998212749,83954.48972697495,80399.02162336373
2025-02-25,95817.47004166999,71629.25720833,71629.25720833,79009.88862120571,84535.16871974102,77652.22872555163,73146.96546539063,85780.2457360049,82006.97289387212
2025-02-26,95880.76445833,71629.25720833,66416.57704167,79020.52425061827,84869.69971079422,77526.97132620806,72760.25233013179,85986.23400281226,82302.24439746607
2025-02-27,95115.65608334,71629.25720833,75394.72508333,79031.15988003112,84830.93895143356,77939.1086690754,72323.31951997838,85719.47893244638,82341.61891607214
2025-02-28,94626.06116666,71629.25720833,77224.80237501,79041.79550944381,84085.88903079156,77364.62736272899,72247.21534401533,84812.17521216915,81716.39155335916
2025-03-01,85248.83425,71629.25720833,74816.18320834,79052.43113885658,77961.17381839493,71082.50658025245,72565.42114698229,77985.83705346796,74240.63641894967
2025-03-02,79790.92699999,71629.25720833,70248.53175001,79063.0667682693,72727.61256486842,65505.9638470297,72901.43194703257,71417.36889991575,68285.67525109883
2025-03-03,85899.345625,71629.25720833,74499.63329166,79073.70239768206,82343.71798356352,76016.27563127114,73098.86991724707,82606.37472534433,78657.78871588646
2025-03-04,85094.20129167,71629.25720833,71629.25720833,79084.3380270948,83935.29607533265,77579.63721456783,73123.42744728415,84367.24523220818,80238.06130774335
2025-03-05,90822.35654168,71629.25720833,66416.57704167,79094.97365650754,84248.45940341415,77454.41366115023,72864.11338677675,84614.82297011299,80505.67921896263
2025-03-06,93292.82408334,71629.25720833,75394.72508333,79105.60928592029,84188.24700273703,77866.58479411853,72488.18882539413,84419.19456977196,80517.44853076036
2025-03-07,93102.42633333,71629.25720833,77224.80237501,79116.24491533304,83680.01012342707,77292.13731263617,72327.56379818585,83778.18090155342,80028.9409258901
2025-03-08,86345.439875,71629.25720833,74816.18320834,79126.88054474579,78073.5365053916,71010.05036135754,72500.28614036775,77265.96432874787,73814.51962135285
2025-03-09,79591.78987501,71629.25720833,70248.53175001,79137.51617415853,72512.74883346834,65433.54148049733,72781.35617098166,70830.8774824253,67767.32458182782
2025-03-10,90071.087875,71629.25720833,74499.63329166,79148.15180357128,82107.36776239495,75943.88715251652,72998.51522193255,81994.44812655267,78112.25475553844
2025-03-11,91772.949625,71629.25720833,71629.25720833,79158.78743298403,83677.52576932065,77507.28262101574,73078.23356721507,83805.65947014025,79665.50532311435
2025-03-12,90985.75579167,71629.25720833,66416.57704167,79169.42306239677,83969.36520217767,77382.0929363715,72922.68821709206,84095.96026622847,79906.28428053406
2025-03-13,91613.56075,71629.25720833,75394.72508333,79180.05869180952,83887.95464986905,77794.2979315301,72618.76381624046,83910.3117597905,79891.41922466482
2025-03-14,89964.18433334,71629.25720833,77224.80237501,79190.69432122227,83358.67463002751,77219.88431633767,72420.55629726649,83269.53246230059,79376.50299614762
2025-03-15,83373.48329167001,71629.25720833,74816.18320834,79201.32995063502,77731.34180879072,70937.83123209597,72482.360406292,76789.14472916123,73135.91956726038
2025-03-16,76424.42370833,71629.25720833,70248.53175001,79211.96558004776,72149.90740220006,65361.35622076858,72693.61047820341,70392.53393654601,67062.82927038544
2025-03-17,87632.67645833,71629.25720833,74499.63329166,79222.60120946051,81724.12014859724,75871.735766497,72904.10548456172,81500.72076486933,77382.15099261627
2025-03-18,88570.37441667,71629.25720833,71629.25720833,79233.23683887326,83274.14010985545,77435.16510840176,73019.84502284804,83314.68055469825,78910.09937296799
2025-03-19,86708.87683333,71629.25720833,66416.57704167,79243.872468286,83546.13666987348,77310.00929522562,72946.20684382359,83628.90047130425,79125.90140844589
2025-03-20,85527.02558333,71629.25720833,75394.72508333,79254.50809769875,83445.20485639707,77722.248161076,72715.56923185854,83486.62044715493,79086.40320301102
2025-03-21,85419.84537500999,71629.25720833,77224.80237501,79265.1437271115,82896.75098202507,77147.86841705881,72512.53535170443,82936.07925439088,78547.21558376969
2025-03-22,79584.621875,71629.25720833,74816.18320834,79275.77935652425,77250.61681894463,70865.84920408041,72496.5844803129,76634.29563188227,72282.73996652842
2025-03-23,75229.04099999,71629.25720833,70248.53175001,79286.414985937,71650.77795709658,65289.40806431069,72637.3755326417,70448.44143342806,66186.1535710815
2025-03-24,86930.64845834,71629.25720833,74499.63329166,79297.05061534974,81207.00673523468,75799.82148208925,72822.90316366477,81829.31798506246,76482.39159612177
2025-03-25,88209.23295834,71629.25720833,71629.25720833,79307.68624476249,82739.48600279952,77363.28469600836,72956.19349195444,83942.72725692239,77987.6843964452
2025-03-26,88150.25841666,71629.25720833,66416.57704167,79318.32187417524,82994.40708111443,77238.16275461808,72944.03424027984,84567.803948974,78181.27408019958
2025-03-27,87264.37241666,71629.25720833,75394.72508333,79328.95750358798,82876.88605004165,77650.43549216278,72781.66742162031,84753.31319929822,78120.02124209816
2025-03-28,87536.12904166,71629.25720833,77224.80237501,79339.59313300073,82312.34935602326,77076.0896198969,72594.97105969272,84508.9061734053,77559.55056631441
2025-03-29,81540.34554167,71629.25720833,74816.18320834,79350.22876241348,76650.65795611443,70794.10427868024,72530.16904756898,78371.49635184424,71274.27668046519
2025-03-30,75523.72933333,71629.25720833,70248.53175001,79360.86439182622,71035.80564776558,65217.69701070692,72608.39277275083,72185.41322992179,65157.38936169201
2025-03-31,87929.80875,71629.25720833,74499.63329166,79371.50002123897,80319.2633909366,75728.14430033999,72758.66488668886,83759.68081329684,75269.58222574096
2025-04-01,88032.184875,71629.25720833,71629.25720833,79382.13565065172,81867.92889569231,77291.64138610938,72893.82658871973,85529.02225226385,76542.83055973699
2025-04-02,88645.64995833,71629.25720833,66416.57704167,79392.77128006447,82415.27047682744,77166.55331654244,72924.52927902373,85898.08873615888,76782.59129932597
2025-04-03,89143.69195833,71629.25720833,75394.72508333,79403.40690947721,82285.07282894554,77578.85992589968,72821.58680724468,85791.11816064436,76703.13911979998
2025-04-04,86789.35979166,71629.25720833,77224.80237501,79414.04253888996,81708.47886035331,77004.54792545308,72663.28432036084,85225.69501298036,76125.01915488832
2025-04-05,75660.35725,71629.25720833,74816.18320834,79424.67816830271,76035.36141083937,70722.5964560569,72573.00661674465,78647.1734835528,69822.65452441988
2025-04-06,68183.81266666,71629.25720833,70248.53175001,79435.31379771545,70409.72505292186,65146.22305990816,72600.821053971,72159.8871165227,63689.24280955101
2025-04-07,79018.10400001,71629.25720833,74499.63329166,79445.9494271282,79941.36898834984,75656.70422137267,72712.28128942667,83625.44968576428,73949.7382189881
2025-04-08,81628.87395834,71629.25720833,71629.25720833,79456.58505654095,81450.50078037902,77220.23517897299,72837.50662295287,85554.10189041196,75420.38875979483
2025-04-09,83370.703375,71629.25720833,66416.57704167,79467.2206859537,81683.33429036026,77095.1809812338,72894.83394501556,85944.27039175993,75580.4528322675
2025-04-10,83420.07004167,71629.25720833,75394.72508333,79477.85631536644,81545.00594479805,77507.52146241753,72840.51718005813,85859.77025925652,75486.80596199584
2025-04-11,81820.62520832999,71629.25720833,77224.80237501,79488.49194477919,80960.96032881008,76933.2433337982,72715.81122037402,85327.67818545314,74895.08640422537
2025-04-12,76782.812875,71629.25720833,74816.18320834,79499.12757419194,75281.07432058848,70651.32573622942,72617.66377056387,78815.49775121045,68579.7210017757
2025-04-13,71367.54025001,71629.25720833,70248.53175001,79509.76320360469,69649.35541660117,65074.986211908596,72608.50347463615,72359.71655893828,62433.9103975765
2025-04-14,81542.64145833,71629.25720833,74499.63329166,79520.39883301743,79175.60463701622,75585.5012452018,72682.58454365814,83886.08450606253,72682.61120923124
2025-04-15,82728.32729167,71629.25720833,71629.25720833,79531.03446243018,80680.0302692707,77149.06607463075,72790.17072940175,85851.37323910951,74142.07320918674
2025-04-16,82996.49720834,71629.25720833,66416.57704167,79541.67009184293,80908.84581827425,77024.04574871984,72860.71888645274,86253.79598222359,74291.55592998209
2025-04-17,82045.46699998999,71629.25720833,75394.72508333,79552.30572125567,79049.17642255365,77436.4201017317,72843.70727614651,83941.71851385882,72657.48680646675
2025-04-18,72127.57079167,71629.25720833,77224.80237501,79562.94135066842,72576.34056705884,76862.17584494058,72752.91721125641,76451.61735321634,66333.98686300777
2025-04-19,72909.58320833,71629.25720833,74816.18320834,79573.57698008117,72809.75170499014,70580.29211920005,72659.12720265763,76829.02059923812,65866.31138313342
2025-04-20,67330.41883333,71629.25720833,70248.53175001,79584.21260949392,67147.62322181798,65003.9864667075,72625.76177568853,68959.73094571155,59578.31252207354
2025-04-21,70756.38874999,71629.25720833,74499.63329166,79594.84823890666,70787.11017437135,75514.5353718291,72667.13204775302,73511.07182449865,64097.049258436906
2025-04-22,78784.94529167001,71629.25720833,71629.25720833,79605.48386831941,78206.84451607305,77078.13407308645,72753.13204204345,82112.56288587372,71406.01196745266
2025-04-23,79950.69079167,71629.25720833,66416.57704167,79616.11949773216,80125.25264866537,76953.14761900387,72826.53749111883,83058.63115552388,72945.55863797407
2025-04-24,81923.76079166,71629.25720833,75394.72508333,79626.7551271449,79984.94447156608,77365.55584384403,72836.03491572302,83312.94804153653,72836.18318967994
2025-04-25,83027.22308334,71629.25720833,77224.80237501,79637.39075655765,79400.2430131814,76791.34545888125,72776.2618095835,82496.97660460536,72229.93368595163
2025-04-26,76944.65162501,71629.25720833,74816.18320834,79648.0263859704,73721.01170876736,70509.49560496905,72694.42134950047,76451.87956092636,65901.23183109748
2025-04-27,70497.94220833,71629.25720833,70248.53175001,79658.66201538315,68091.24281091441,64933.223824304856,72647.83188794738,70254.5258534121,59743.27208039122
2025-04-28,82217.666875,71629.25720833,74499.63329166,79669.2976447959,77620.7203550975,75443.8066012548,72662.86941812924,80976.48462846015,69981.00384800063
2025-04-29,82016.83695833001,71629.25720833,71629.25720833,79679.93327420864,79129.63396654064,77007.43917434048,72726.41062293225,83025.96116846077,71430.66872161777
2025-04-30,80085.15020833,71629.25720833,66416.57704167,79690.56890362139,77387.84842696862,76882.48659208626,72795.29190537294,81277.2993250791,69876.81502514204
2025-05-01,71618.09645833,71629.25720833,75394.72508333,79701.20453303414,70882.25095755412,77294.92868875478,72821.72969699925,74017.75519761303,63024.78819217591
2025-05-02,75386.46670833,71629.25720833,77224.80237501,79711.84016244688,76524.66436232804,76720.75217562034,72788.21043860597,79692.54406245353,68338.72316461634
2025-05-03,71415.56104167001,71629.25720833,74816.18320834,79722.47579185963,72541.01112950464,70438.93619353649,72722.17778461274,73610.17565447236,63405.8028100036
2025-05-04,67201.89254167001,71629.25720833,70248.53175001,79733.11142127238,66918.45488377837,64862.69828470063,72671.0402476571,67599.89734339222,57247.74655877842
2025-05-05,78401.47454166,71629.25720833,74499.63329166,79743.74705068512,76455.65395020971,75373.31493347892,72666.63607133864,78369.83231947458,67485.90974709355
2025-05-06,80558.94758333,71629.25720833,71629.25720833,79754.38268009787,77972.78177654668,76936.98137839296,72709.10722543813,80243.44697217109,68936.52573007607
2025-05-07,81607.15766667001,71629.25720833,66416.57704167,79765.01830951062,78216.01502130595,76812.06266796708,72768.78792169249,80503.95462300256,69078.83640803542
2025-05-08,82149.02658333,71629.25720833,75394.72508333,79775.65393892337,78090.44994909423,77224.53863646394,72804.22721632286,79689.18210939664,68969.69902625521
2025-05-09,83513.14508332999,71629.25720833,77224.80237501,79786.28956833611,77521.4881572335,76650.39599515784,72791.3858934849,79056.76203497507,68364.73184865026
2025-05-10,76262.06474999999,71629.25720833,74816.18320834,79796.92519774886,71858.96084790236,70368.61388490234,72742.21007323592,72912.17519776631,62038.34008634853
2025-05-11,67369.17954167,71629.25720833,70248.53175001,79807.56082716161,66246.82729513328,64792.40984789483,72692.80369129003,66859.01251419848,55883.70118206888
2025-05-12,76882.14266665999,71629.25720833,74499.63329166,79818.19645657435,75794.83789574393,75303.06036850146,72675.51236494737,77446.65540348025,66125.74705750564
2025-05-13,78478.538125,71629.25720833,71629.25720833,79828.8320859871,77323.14806171166,76866.76068524385,72699.7602914591,79214.73198248407,67580.70136710811
2025-05-14,77623.19595833,71629.25720833,66416.57704167,79839.46771539985,77577.91632206374,76741.87584664632,72747.84554896453,79568.18830028873,67727.79617754216
2025-05-15,77689.29291667,71629.25720833,75394.72508333,79850.1033448126,77464.2207599638,77154.38568697152,72786.13024747114,79455.390911884,67623.8787856705
2025-05-16,77995.47879165999,71629.25720833,77224.80237501,79860.73897422534,76907.44478044116,76580.27691749377,72788.34742348205,78929.82636663191,67024.55740996587
2025-05-17,73242.63445833,71629.25720833,74816.18320834,79871.37460363809,71257.40142287148,70298.52867906661,72755.12833281618,72876.27319010659,60704.22713638096
2025-05-18,67935.484,71629.25720833,70248.53175001,79882.01023305084,65658.03186744908,64722.35851388745,72711.51915141595,66897.9351784257,54556.05521951286
2025-05-19,78950.71991665999,71629.25720833,74499.63329166,79892.64586246359,75219.06852463154,75233.04290632243,72687.02654728085,77569.3925740719,64804.96334624112
2025-05-20,80426.49729166,71629.25720833,71629.25720833,79903.28149187633,76760.64896497258,76796.77709489316,72696.65086311748,79440.10306851474,66267.1649051987
2025-05-21,80387.24175,71629.25720833,66416.57704167,79913.91712128908,77028.91405732569,76671.92612812397,72732.5323326364,79894.38985899827,66421.88168133529
2025-05-22,80116.40404166,71629.25720833,75394.72508333,79924.55275070183,76928.92444101292,77084.46984027752,72769.25011055528,79891.74493531225,66325.95068838472
2025-05-23,79611.80345833,71629.25720833,77224.80237501,79935.18838011457,76386.0463273236,76510.39494262812,72781.38137291584,79450.55709171198,65734.96987412802
2025-05-24,73042.53608333001,71629.25720833,74816.18320834,79945.82400952732,70750.07584437385,70228.6805760293,72762.01300268315,73432.71401578841,59423.324079455466
2025-05-25,66530.36479167,71629.25720833,70248.53175001,79956.45963894007,65164.93757449403,64652.544282678486,72726.39415899395,67471.88118558565,53284.17035204693
2025-05-26,76680.77570833999,71629.25720833,74499.63329166,79967.09526835282,74740.34767305625,75163.26254694181,72699.24849432649,78297.79295377081,63542.42022183449
2025-05-27,78756.6945,71629.25720833,71629.25720833,79977.73089776556,76296.42782609435,76727.03060734089,72698.0391194426,80223.90194682695,65014.27698159257
2025-05-28,78641.63516666,71629.25720833,66416.57704167,79988.36652717831,76579.30341464006,76602.21351240005,72722.39225174823,80701.03942422236,65178.952391904335
2025-05-29,76742.347,71629.25720833,75394.72508333,79999.00215659106,76494.02001131649,77014.79109638194,72754.7017807767,80738.1625142205,65093.27352330759
2025-05-30,76935.43695833,71629.25720833,77224.80237501,80009.6377860038,75965.9292045052,76440.75007056088,72772.38450256814,80397.8238295064,64512.828470505265
2025-05-31,71325.859625,71629.25720833,74816.18320834,80020.27341541655,70086.49438114392,70159.06957579042,72764.15613066177,74291.75200769752,58047.73884275775
2025-06-01,65688.15720834,71629.25720833,70248.53175001,80030.9090448293,64949.5168910618,64582.96715426794,72737.25570727895,68028.06043857848,53267.37566753533
2025-06-02,76953.91500000001,71629.25720833,74499.63329166,80041.54467424205,74845.5780631764,75093.71929035962,72710.79937839495,78809.85530504269,63601.86538155717
2025-06-03,79351.06095833,71629.25720833,71629.25720833,80052.1803036548,76416.63323703139,76657.52122258703,72702.32979527183,80613.01086183365,65085.29599474731
2025-06-04,79569.34133333,71629.25720833,66416.57704167,80062.81593306754,76714.4991481246,76532.73799947454,72716.65088891081,80956.53611545688,65261.781243689205
2025-06-05,79927.006,71629.25720833,75394.72508333,80073.45156248029,76644.20978189434,76945.34945528478,72743.02891546678,80842.55664493864,65188.139033335836
2025-06-06,79627.15966666001,71629.25720833,77224.80237501,80084.08719189304,76131.1056899261,76371.34230129207,72762.81992758534,80256.48220106454,64619.948425068054
2025-06-07,74062.51295834,71629.25720833,74816.18320834,80094.72282130578,70524.95836322216,70089.69567834995,72762.87024289666,74014.42101756891,58331.57560712954
2025-06-08,67928.87491667,71629.25720833,70248.53175001,80105.35845071853,64969.66879422172,64513.62712865582,72744.36348826089,67818.24045081227,52216.15921826219
2025-06-09,78088.65041666,71629.25720833,74499.63329166,80115.99408013128,74574.93061645921,75024.41313657584,72720.80467998302,78467.28419879686,62498.592631722946
2025-06-10,78903.26245833,71629.25720833,71629.25720833,80126.62970954402,76160.84407920057,76588.2489406316,72708.1724615287,80156.54216170206,63995.06124304921
2025-06-11,77983.58625001,71629.25720833,66416.57704167,80137.26533895677,76473.51422497927,76463.49958934746,72714.38544523963,80393.67612452173,64184.75918084728
2025-06-12,76703.92458333,71629.25720833,75394.72508333,80147.90096836952,76417.96739558283,76876.14491698604,72734.33914103407,80181.13956966824,64124.49615343698
2025-06-13,75642.70620833,71629.25720833,77224.80237501,80158.53659778227,75919.53706182653,76302.17163482167,72753.7260458137,79548.04172499884,63569.84316627134
2025-06-14,70823.92420834,71629.25720833,74816.18320834,80169.17222719501,70327.98819113392,70020.5588837079,72759.35919428538,73350.26990959712,57295.15849116888
2025-06-15,65196.65049999,71629.25720833,70248.53175001,80179.80785660776,64787.215802096,64444.52420584211,72748.24392611612,67230.11726731421,51193.57298821743
2025-06-16,75580.99170833,71629.25720833,74499.63329166,80190.44348602051,74406.90809494267,74955.34408559048,72728.81409480407,77820.57992014846,61489.97238755932
2025-06-17,77080.94999999,71629.25720833,71629.25720833,80201.07911543325,76007.1604153155,76519.21376147459,72714.50750289911,79532.62663492351,63000.534574454345
2025-06-18,77198.09841666001,71629.25720833,66416.57704167,80211.714744846,76334.073419319,76394.49828201879,72714.65492810405,79809.87544618173,63204.446296926486
2025-06-19,72608.65424999999,71629.25720833,75394.72508333,80222.35037425875,76292.66956546006,76807.17748148572,72728.43478688391,79644.41126434124,63158.51000885902
2025-06-20,74656.29550000001,71629.25720833,77224.80237501,80232.9860036715,75808.27892887607,76233.2380711497,72745.76059403583,79055.08419270573,62618.28958349067
2025-06-21,69561.00933333,71629.25720833,74816.18320834,80243.62163308424,70230.66355193888,69951.65919186427,72754.64194598644,72935.51644236836,56358.136278383725
2025-06-22,65144.36991667,71629.25720833,70248.53175001,80254.25726249699,64703.71598047868,64375.65838582683,72749.55379356067,66889.23393461823,50271.1740527584
2025-06-23,76387.86779167,71629.25720833,74499.63329166,80264.89289190974,74337.12237463596,74886.51213740354,72734.70709083375,77469.12837171415,60582.28184443823
2025-06-24,77440.40800001001,71629.25720833,71629.25720833,80275.52852132249,75950.97645181038,76450.41568511601,72720.57059781493,79221.90161810402,62107.63084983937
2025-06-25,76077.83066667,71629.25720833,66416.57704167,80286.16415073523,76291.37762976516,76325.73407748855,72716.59100661699,79536.41392350462,62326.401226345864
2025-06-26,77475.62758334,71629.25720833,75394.72508333,80296.79978014798,76263.34749558225,76738.44714878383,72724.92907596265,79409.60092403505,62295.38892997228
2025-06-27,78116.39083332999,71629.25720833,77224.80237501,80307.43540956073,75792.21559595612,76164.54161027615,72739.26462654037,78873.3077718661,61770.15142330338
2025-06-28,72446.43316667,71629.25720833,74816.18320834,80318.07103897347,70227.74376300434,69882.99660281907,72749.51859458952,72814.03168856818,55525.033634818596
2025-06-29,65800.49454166999,71629.25720833,70248.53175001,80328.70666838622,64713.82462493064,64307.029668609975,72748.97642309651,66843.03808523569,49453.1532705323
2025-06-30,76579.505,71629.25720833,74499.63329166,80339.34229779897,74101.82610771275,74817.91729201503,72738.59792905969,77380.18979281907,59615.12960834913
2025-07-01,77316.40045833,71629.25720833,71629.25720833,80349.97792721172,75452.04327785678,76381.85471155585,72725.86846157224,78944.12523844643,61289.147221159634
2025-07-02,76696.37945834,71629.25720833,66416.57704167,80360.61355662446,76110.834063618,76257.20697575674,72719.4535454112,79241.2556754614,61588.01291724069
2025-07-03,76035.15095832999,71629.25720833,75394.72508333,80371.24918603721,76095.37766713485,76669.95391888036,72723.3420963002,79117.52210006448,61572.20664751719
2025-07-04,75430.72854167,71629.25720833,77224.80237501,80381.88481544996,75636.70825960983,76096.08225220103,72734.33431567032,78581.98174258531,61062.19118611935
2025-07-05,68710.96808334,71629.25720833,74816.18320834,80392.5204448627,70084.58894365664,69814.57111657229,72744.56776741157,72549.06012664127,54832.30554576123
2025-07-06,63037.02270834,71629.25720833,70248.53175001,80403.15607427545,64582.91371830432,64238.63805419154,72747.14945493444,66592.6377713788,48775.66155432675
2025-07-07,75553.39741666999,71629.25720833,74499.63329166,80413.7917036882,74241.37053542015,74749.55954942494,72740.74938771213,77189.53172466256,59117.12612128913
2025-07-08,75053.30104167,71629.25720833,71629.25720833,80424.42733310095,75880.05518776983,76313.5308407941,72730.13728869607,78981.29813336553,60672.858507455254
2025-07-09,74810.04608334,71629.25720833,66416.57704167,80435.0629625137,76245.06939697055,76188.91697682334,72722.65685607395,79342.18500926878,60922.027017442495
2025-07-10,76391.206,71629.25720833,75394.72508333,80445.69859192644,76241.43722722774,76601.69779177531,72723.17441208879,79247.61066346081,60921.4158278533
2025-07-11,76528.6365,71629.25720833,77224.80237501,80456.33422133919,75794.49082053968,76027.85999692434,72730.8916443641,78731.89916773407,60426.57068619859
2025-07-12,70588.99841667,71629.25720833,74816.18320834,80466.96985075194,70253.99466774204,69746.38273312394,72740.16528626086,72703.49768658246,54211.82486173716
2025-07-13,64098.315,71629.25720833,70248.53175001,80477.60548016468,64763.84406492158,64170.48354257154,72744.62047009557,66750.0017017657,48170.28444921894
2025-07-14,74480.64491666999,71629.25720833,74499.63329166,80488.24110957743,74433.72814449291,74681.43890963329,72741.50052272489,77406.68836954846,58526.81063286802
2025-07-15,76572.41041666,71629.25720833,71629.25720833,80498.87673899018,76083.74373869061,76245.4440728308,72733.29330819294,79259.22746112918,60097.55695412573
2025-07-16,76631.19166667,71629.25720833,66416.57704167,80509.51236840292,76459.99344381773,76120.86408068838,72725.77352146135,79677.08332679694,60361.68600257992
2025-07-17,77535.60970834,71629.25720833,75394.72508333,80520.14799781567,76467.502011225,76533.6787674687,72723.958824908,79657.12821645607,60375.97624306301
2025-07-18,77179.09633333,71629.25720833,77224.80237501,80530.78362722842,76031.60206078447,75959.87484444607,72728.74800932486,79220.17342266651,59895.96771398394
2025-07-19,70785.31216666,71629.25720833,74816.18320834,80541.41925664117,70502.05833130641,69678.43145247402,72736.51541106588,73226.37289038305,53695.98797807489
2025-07-20,64661.85879166,71629.25720833,70248.53175001,80552.05488605391,65022.766117501946,64102.56613374996,72741.82547269238,67280.85312245914,47669.13742655101
2025-07-21,75428.71337499999,71629.25720833,74499.63329166,80562.69051546666,74703.414282854,74613.55537264005,72741.2106955359,78068.79125759318,58040.27154402803
2025-07-22,77809.86408333,71629.25720833,71629.25720833,80573.32614487941,76364.09910621456,76177.5944076659,72735.38258552614,79967.10070588847,59625.53817772479
2025-07-23,79513.51420833,71629.25720833,66416.57704167,80583.96177429215,76750.92233053,76053.04828735183,72728.52255929138,80405.69888752408,59904.09423038142
2025-07-24,79058.833875,71629.25720833,75394.72508333,80594.5974037049,76768.90753972543,76465.8968459605,72725.29258667285,80388.96658237552,59932.71248987812
2025-07-25,77377.34829167,71629.25720833,77224.80237501,80605.23303311765,76343.3858595642,75892.12679476621,72727.65729515196,79932.22764990959,59466.92733062017
2025-07-26,70954.27208334,71629.25720833,74816.18320834,80615.8686625304,70824.12019697831,69610.71727462251,72733.68768859631,73856.72695947048,53281.060667867896
2025-07-27,66014.67354167,71629.25720833,70248.53175001,80626.50429194314,65355.00366751515,64034.8858277268,72739.08472850297,67823.49886113568,47268.207266006146
2025-07-28,76193.17883334,71629.25720833,74499.63329166,80637.13992135589,75045.72260030049,74545.90893844524,72740.21982245044,78643.78037527278,57653.21700809175
2025-07-29,76281.93991666,71629.25720833,71629.25720833,80647.77555076864,76716.37037836845,76109.98184529944,72736.53497940594,80495.11954298188,59252.23217019774
2025-07-30,75572.29679167,71629.25720833,66416.57704167,80658.41118018139,77113.04548278742,75985.46959681371,72730.74799520583,80887.42790673903,59544.40411997477
2025-07-31,75894.46762499999,71629.25720833,75394.72508333,80669.04680959413,76882.44928370394,76398.35202725072,72726.85339475925,80678.51407372857,59422.24667551945
2025-08-01,75788.51229166999,71629.25720833,77224.80237501,80679.68243900688,76489.56496479738,75824.61584788478,72727.35702024696,80059.75646230658,58906.56909606048
2025-08-02,70157.17920833,71629.25720833,74816.18320834,80690.31806841963,71285.49817579996,69543.24019956942,72731.65420502596,73956.1186268772,52798.79895139072
2025-08-03,64973.92666666,71629.25720833,70248.53175001,80700.95369783237,65825.74922212785,63967.44262450206,72736.61066878613,67907.96724246917,46798.976516191964
2025-08-04,75364.66912501,71629.25720833,74499.63329166,80711.58932724512,75525.70281391499,74478.49960704884,72738.82328492956,78739.4105721492,57196.85768991211
2025-08-05,77469.41120834,71629.25720833,71629.25720833,80722.22495665787,77205.44687487854,76042.60638573139,72736.9251893782,80607.79994539733,58808.579574626565
2025-08-06,76839.50033333,71629.25720833,66416.57704167,80732.86058607062,77611.07407639308,75918.128009074,72732.39287196696,81007.35955335703,59113.2884522814
2025-08-07,77288.467,71629.25720833,75394.72508333,80743.49621548336,77647.59822055192,76331.04431133936,72728.4029074356,80929.23672834826,59167.74662948084
2025-08-08,77758.91454166,71629.25720833,77224.80237501,80754.13184489611,77240.33995058223,75757.34200380176,72727.59767273805,80396.69656633027,58727.47815483401
2025-08-09,70153.88487499999,71629.25720833,74816.18320834,80764.76747430886,71739.05100309517,69476.00022731475,72730.32370091666,74221.81874472335,52566.79478999372
2025-08-10,62937.74000001,71629.25720833,70248.53175001,80775.4031037216,66287.61265179004,63900.236524075735,72734.52319076263,68121.64286333497,46578.78133533289
2025-08-11,73771.51354166001,71629.25720833,74499.63329166,80786.03873313435,75995.69873197639,74411.32737845086,72737.25907488543,78977.36369104667,56988.277917544314
2025-08-12,75484.26112499001,71629.25720833,71629.25720833,80796.6743625471,77683.38950371741,75975.46802896175,72736.74221932697,80848.49823070788,58611.41728262701
2025-08-13,76062.797,71629.25720833,66416.57704167,80807.30999195985,78096.7697219666,75851.02352413272,72733.47254042873,81266.844479703,58927.34151362065
2025-08-14,77032.33487501,71629.25720833,75394.72508333,80817.9456213726,78140.84503968271,76263.97369822641,72729.78145955518,81243.19208896479,58992.808885998864
2025-08-15,76747.11108334,71629.25720833,77224.80237501,80828.58125078534,77740.92773967843,75690.30526251717,72728.16137962611,80793.80459562188,58563.339595708334
2025-08-16,71155.33770834,71629.25720833,74816.18320834,80839.21688019809,72246.76100962235,69408.9973578585,72729.57044460489,74666.93293239632,52413.24174094909
2025-08-17,65441.03470833,71629.25720833,70248.53175001,80849.85250961084,66802.21740974807,63833.26752644783,72732.8685327403,68572.94781585275,46435.59665860277
2025-08-18,76625.58408333,71629.25720833,74499.63329166,80860.48813902358,76516.96192256486,74344.3922526513,72735.70439791185,79502.32117376727,56855.241222556186
2025-08-19,78793.54858333,71629.25720833,71629.25720833,80871.12376843633,78211.06584229927,75908.56677499054,72736.16736881362,81344.66370212416,58488.305147343315
2025-08-20,79175.08766667,71629.25720833,66416.57704167,80881.75939784908,78630.60487236262,75784.15614198985,72734.04991503317,81691.82807941086,58813.92771642767
2025-08-21,80433.09008334001,71629.25720833,75394.72508333,80892.39502726182,78680.57555674833,76197.1401879119,72730.89728487044,81565.02337554173,58888.86464799545
2025-08-22,80554.08120834001,71629.25720833,77224.80237501,80903.03065667457,78286.28104103012,75623.505624031,72728.87164902313,80985.58308604432,58468.63383320578
2025-08-23,75390.76404167,71629.25720833,74816.18320834,80913.66628608732,72797.45537729334,69342.23159120067,72729.25692008999,74723.92220632944,52327.54132795326
2025-08-24,68481.49254167,71629.25720833,70248.53175001,80924.30191550007,67357.962022463,63766.535631618346,72731.63882110796,68540.93023921367,46358.66669900918
2025-08-25,78036.97054167,71629.25720833,74499.63329166,80934.93754491281,77077.45691922991,74277.69422965017,72734.27898212211,79408.90955115622,56786.845331748154
2025-08-26,79651.59008333,71629.25720833,71629.25720833,80945.57317432556,78776.00241720933,75841.90262381775,72735.36003439198,81255.948876167,58428.205742843995
2025-08-27,78986.92845832999,71629.25720833,66416.57704167,80956.20880373831,79199.66540252948,75717.5258626454,72734.2143357961,81647.43855629333,58761.88631721699
2025-08-28,79246.2555,71629.25720833,75394.72508333,80966.84443315105,79253.433761655,76130.54378039579,72731.71299518607,81585.84580897634,58844.64218206417
2025-08-29,79208.65204166001,71629.25720833,77224.80237501,80977.4800625638,78862.60217501545,75556.94308834324,72729.59617562225,81096.27609672923,58431.99095288122
2025-08-30,71917.97358334,71629.25720833,74816.18320834,80988.11569197655,73376.89645466968,69275.70292734126,72729.25025499487,74921.52351506591,52298.2387324933
2025-08-31,66090.69299999,71629.25720833,70248.53175001,80998.7513213893,67681.85349243539,63700.04083958728,72730.7902706878,68676.66285127321,46172.211987042785
2025-09-01,77310.56991667,71629.25720833,74499.63329166,81009.38695080204,77154.82794675518,74211.23330944745,72733.05261381231,79985.35859410896,57809.3235560414
2025-09-02,79669.00554167,71629.25720833,71629.25720833,81020.02258021479,79161.12121489755,75775.47557544337,72734.45011004823,82301.52198424289,59522.22122474425
2025-09-03,79779.88862499999,71629.25720833,66416.57704167,81030.65820962754,79586.45544567959,75651.13268609937,72734.06481892688,83056.32271144913,59862.29202541148
2025-09-04,80249.30908333001,71629.25720833,75394.72508333,81041.29383904029,79641.51538103855,76064.1844756781,72732.23143622595,83266.89469110908,59951.204104072574
2025-09-05,80012.18029166,71629.25720833,77224.80237501,81051.92946845303,79251.5894922019,75490.6176554539,72730.24469041737,82973.42532885793,59544.47717875213
2025-09-06,72035.10320833,71629.25720833,74816.18320834,81062.56509786578,72048.38796366732,69209.41136628027,72729.43290923546,74810.54081930027,51885.97121014693
2025-09-07,66048.13199999,71629.25720833,70248.53175001,81073.20072727853,60725.63735535469,63633.78315035463,72730.25880026049,63038.52508350905,40207.251827171654
2025-09-08,78213.90108333,71629.25720833,74499.63329166,81083.83635669127,76362.52121230864,74145.00949204314,72732.05483566836,79614.63845255994,56503.987440750534
2025-09-09,81398.710125,71629.25720833,71629.25720833,81094.47198610402,79751.31052968276,75709.28562986742,72733.53555614947,81885.5225616899,59553.41254976596
2025-09-10,80240.89170833,71629.25720833,66416.57704167,81105.10761551677,80175.54464962232,75584.97661235176,72733.69782200457,82663.47742297173,59898.29217435264
2025-09-11,81188.53575000001,71629.25720833,75394.72508333,81115.74324492952,80229.09177106501,75998.06227375884,72732.48241684877,82963.4164985235,59991.80131197539
2025-09-12,80677.9155,71629.25720833,77224.80237501,81126.37887434226,79837.2378894747,75424.52932536298,72730.76365009102,82791.25285618492,59589.46429333605
2025-09-13,74400.14383333,71629.25720833,74816.18320834,81137.01450375501,74349.70121705385,69143.3569080177,72729.70850074945,76588.50108147481,53465.594646583566
2025-09-14,68520.97795834,71629.25720833,70248.53175001,81147.65013316776,68910.3307657447,63567.762563920405,72729.97246453645,69920.90170088057,47513.28044838898
2025-09-15,80075.39070833,71629.25720833,74499.63329166,81158.2857625805,78628.76951044775,74079.02277743726,72731.28521370397,81228.29338006825,57957.36663435334
2025-09-16,80854.10879166,71629.25720833,71629.25720833,81168.92139199325,80325.06838981198,75643.33278708988,72732.68369110103,83348.80800181768,59613.99231206817
2025-09-17,80486.27560416999,71629.25720833,66416.57704167,81179.557021406,80745.2845125195,75519.05764140257,72733.19919294979,84003.04535487323,59962.30749605225
2025-09-18,80560.31283334,71629.25720833,75394.72508333,81190.19265081875,80794.39769460224,75932.177174638,72732.51124716483,84207.86532368675,60059.07997734456
2025-09-19,82101.13287500001,71629.25720833,77224.80237501,81200.8282802315,80397.69632310029,75358.67809807048,72731.12927218544,83971.18074469935,59659.84106261545
2025-09-20,76677.31975001,71629.25720833,74816.18320834,81211.46390964424,74904.90176004042,69077.53955255354,72730.00380598092,77808.72948401303,53538.911563774
2025-09-21,72250.87116667,71629.25720833,70248.53175001,81222.09953905699,69459.8669358519,63501.9790802846,72729.86059025284,71618.62621616945,47589.387138868755
2025-09-22,81880.91908334,71629.25720833,74499.63329166,81232.73516846974,79172.23952108379,74013.2731656298,72730.72304359455,83221.27243965557,58036.12059142728
2025-09-23,79863.18362499,71629.25720833,71629.25720833,81243.37079788248,80862.07593373132,75577.61704711076,72731.93488389647,85338.56987825363,59695.259171564256
2025-09-24,79450.88712500001,71629.25720833,66416.57704167,81254.00642729523,81275.43955005184,75453.3757732518,72732.6396931797,85882.0969028159,60045.96129809553
2025-09-25,77461.293,71629.25720833,75394.72508333,81264.64205670798,81317.3172443715,75866.52917831557,72732.3695540542,85933.23201364533,60145.00341445306
2025-09-26,76096.62862499,71629.25720833,77224.80237501,81275.27768612072,80913.00525316095,75293.0639735764,72731.34008839697,85527.10098143292,59747.92571328122
2025-09-27,69905.13366666,71629.25720833,74816.18320834,81285.91331553347,75412.23357733333,69011.9592998878,72730.26798767758,79132.45304336053,53629.05811071311
2025-09-28,65828.37883333,71629.25720833,70248.53175001,81296.54894494622,69958.864571861,63436.43269944721,72729.859842977,72800.08057268622,47681.50557114718
2025-09-29,77548.96475001,71629.25720833,74499.63329166,81307.18457435897,79662.55611156192,73947.76065662075,72730.3357846487,84598.53146426239,58130.13038969514
2025-09-30,81766.70579167,71629.25720833,71629.25720833,81317.82020377171,81085.05700742286,75512.13840993006,72731.30753193155,86645.38977078114,59626.83599877659
2025-10-01,80921.23679165999,71629.25720833,66416.57704167,81328.45583318446,81943.2863850419,75387.93100789945,72732.07335286039,86701.13086646298,60318.70340282331
2025-10-02,80756.75454165999,71629.25720833,75394.72508333,81339.09146259721,82281.21481257876,75801.11828479158,72732.10848254086,86464.55636404137,60484.36513027286
2025-10-03,81163.76354166999,71629.25720833,77224.80237501,81349.72709200995,81866.95162855234,75227.68695188075,72731.40985465399,85836.94917594333,60088.9547064732
2025-10-04,74619.08725000001,71629.25720833,74816.18320834,81360.3627214227,76355.9442554683,68946.6161500205,72730.47001661878,79245.59989610365,53971.7234571614
2025-10-05,70147.17208332001,71629.25720833,70248.53175001,81370.99835083545,70892.06968663554,63371.12342140825,72729.91765956997,72747.58839964765,48025.78655584715
2025-10-06,83742.84095833001,71629.25720833,74499.63329166,81381.6339802482,80585.00111374409,73882.48525041014,72730.08585718446,84370.43512763536,58476.01655490018
2025-10-07,83428.927375,71629.25720833,71629.25720833,81392.26960966094,82254.82190332074,75446.8968755478,72730.80345088572,86404.15703267866,60138.58064719429
2025-10-08,81076.54758334,71629.25720833,66416.57704167,81402.90523907369,82647.62377253476,75322.72334534553,72731.53789502685,86853.67770456473,60492.65734761192
2025-10-09,80772.39837501,71629.25720833,75394.72508333,81413.54086848644,82668.42328990219,75735.944494066,72731.77413734292,86829.83775745082,60595.04330728333
2025-10-10,80442.55083333,71629.25720833,77224.80237501,81424.17649789919,82242.54769622616,75162.54703298352,72731.36135351237,86353.28340750033,60201.298995524034
2025-10-11,74167.11625001,71629.25720833,74816.18320834,81434.81212731193,75001.74939300114,68881.51010295162,72730.59510734891,77753.44211217081,52555.32602941202
2025-10-12,69580.66016667,71629.25720833,70248.53175001,81445.44775672468,63639.80058230824,63306.05124616771,72729.99358240949,65477.2265714457,40888.73252483714
2025-10-13,81803.553,71629.25720833,74499.63329166,81456.08338613743,79235.9338449696,73817.44694699795,72729.93570742403,82650.31306296829,57197.23013252539
2025-10-14,81901.04570834001,71629.25720833,71629.25720833,81466.71901555017,82582.47256466236,75381.89244396395,72730.41304792391,84971.32708323955,60258.09726307685
2025-10-15,81172.17,71629.25720833,66416.57704167,81477.35464496292,82963.01177460542,75257.75278559004,72731.05652145616,85758.60639597313,60614.14343634393
2025-10-16,83064.835625,71629.25720833,75394.72508333,81487.99027437567,82971.47860785875,75671.00780613886,72731.40496007224,86069.3028082947,60718.58865073526
2025-10-17,84770.34962501,71629.25720833,77224.80237501,81498.62590378842,82533.22116829795,75097.64421688473,72731.2213697676,85899.8657025279,60327.00264964873
2025-10-18,78773.69729166,71629.25720833,74816.18320834,81509.26153320116,76998.0228728821,68816.64115868117,72730.64081365617,79470.16604886726,54213.74469367376
2025-10-19,67982.96445834,71629.25720833,70248.53175001,81519.89716261391,71509.80094762343,63241.21617372561,72730.05905079517,72558.76653559493,48271.94881730049
2025-10-20,75729.17050000001,71629.25720833,74499.63329166,81530.53279202666,81178.26949481182,73752.6457463842,72729.85123426621,84292.60801102215,58726.506042788
2025-10-21,75997.259875,71629.25720833,71629.25720833,81541.1684214394,82823.55338899745,75317.12511517854,72730.11987267435,86473.12059988391,60393.60159470342
2025-10-22,75896.31570834,71629.25720833,66416.57704167,81551.80405085215,83191.78636982932,75193.01932863297,72730.64045633869,87089.15339754737,60752.431534555806
2025-10-23,76837.98691666,71629.25720833,75394.72508333,81562.4396802649,83188.02745748647,75606.30822101014,72731.03065797167,87205.61943929637,60859.8095285122
2025-10-24,78398.05775,71629.25720833,77224.80237501,81573.07530967765,82737.64668623515,75032.97850358435,72731.01692183035,86857.73967930493,60471.312483271686
2025-10-25,74811.96483333,71629.25720833,74816.18320834,81583.7109390904,77190.44937033817,68752.00931720914,72730.61325226915,80386.13653805826,54361.30643129637
2025-10-26,70591.07491667,71629.25720833,70248.53175001,81594.34656850314,71690.37455170453,63176.618204081926,72730.09616713971,73891.9609379991,48422.93176642255
2025-10-27,81017.96316667,71629.25720833,74499.63329166,81604.98219791589,81347.15801843726,73688.08164856886,72729.80379231455,85783.979191989,58881.08543722918
2025-10-28,83349.15424999,71629.25720833,71629.25720833,81615.61782732864,82980.94615190277,75252.59488919155,72729.90432873934,87937.00800701942,60551.958141729745
2025-10-29,83448.485,71629.25720833,66416.57704167,81626.25345674138,83337.89397053939,75128.52297447433,72730.2917692196,88519.7683584794,60914.75094286532
2025-10-30,82649.84866667,71629.25720833,75394.72508333,81636.88908615413,83323.08149626409,75541.84573867984,72730.67228151095,88630.70237956531,61026.28201783817
2025-10-31,80467.77779166,71629.25720833,77224.80237501,81647.52471556688,82603.58085620197,74968.5498930824,72730.77268944113,88121.64862530572,60477.8787995306
2025-11-01,74616.62795833,71629.25720833,74816.18320834,81658.16034497962,75054.66018601874,68687.61457853553,72730.52376020292,79274.54366134357,52349.83743966762
2025-11-02,70125.04233334001,71629.25720833,70248.53175001,81668.79597439237,63963.909230963334,63112.25733723666,72730.09588247258,66811.33761563446,40758.7053549174
2025-11-03,81096.13520833,71629.25720833,74499.63329166,81679.43160380512,79526.03151212039,73623.75465355194,72729.77104706732,84394.5990855303,57078.256761175995
2025-11-04,83095.447,71629.25720833,71629.25720833,81690.06723321787,82839.11603747481,75188.30176600297,72729.74647586193,86803.95617690537,60150.69683168825
2025-11-05,86037.16408334,71629.25720833,66416.57704167,81700.70286263061,83186.8192983308,75064.2637231141,72730.00612761032,87626.77843724622,60518.84919983397
2025-11-06,83160.66187499999,71629.25720833,75394.72508333,81711.33849204336,83163.12906103437,75477.62035914796,72730.34307263086,87926.09546462254,60635.946545751554
2025-11-07,82899.23525,71629.25720833,77224.80237501,81721.9741214561,82693.45309722117,74904.35838537886,72730.50948759656,87707.13289442894,60257.56981245874
2025-11-08,75994.20616666,71629.25720833,74816.18320834,81732.60975086885,77127.63338611691,68623.45694266034,72730.38615273153,81107.96922261386,54158.08793024473
2025-11-09,68352.880125,71629.25720833,70248.53175001,81743.2453802816,71609.64447165282,63048.133573189814,72730.05595552342,74082.42563239194,48230.64302820918
2025-11-10,78111.91016667,71629.25720833,74499.63329166,81753.88100969435,81249.25639230186,73559.66476133344,72729.73697447701,86076.69588421854,58700.132605733124
2025-11-11,80112.29137501,71629.25720833,71629.25720833,81764.5166391071,82866.64844149153,75124.24574561282,72729.62795901275,88347.28398164322,60382.746707521386
2025-11-12,82906.98445833,71629.25720833,66416.57704167,81775.15226851984,83208.00712703977,75000.24157455229,72729.77524907317,89051.15461785224,60757.684521762785
2025-11-13,83977.37179167,71629.25720833,75394.72508333,81785.78789793259,83178.44245569703,75413.6320824145,72730.04975677081,89303.93244827344,60881.76111451117
2025-11-14,84021.14370832,71629.25720833,77224.80237501,81796.42352734534,80985.36367187416,74840.40398047374,72730.24358893256,86794.26218556224,58980.10443432992
2025-11-15,75920.615625,71629.25720833,74816.18320834,81807.05915675809,69528.49949996723,68559.53640958357,72730.21463986662,73771.87111416872,47165.56124142358
2025-11-16,73660.05708333,71629.25720833,70248.53175001,81817.69478617083,69921.37393782291,62984.24691194139,72729.97894601835,73875.62711250335,47102.097118615
2025-11-17,85069.392875,71629.25720833,74499.63329166,81828.33041558358,81245.9856411244,73495.81197191335,72729.6912812927,86164.84505943322,58975.704632218556
2025-11-18,85436.14291666,71629.25720833,71629.25720833,81838.96604499633,82860.004365257,75060.42682802108,72729.53316916483,88675.174652482,60666.18820241714
2025-11-19,83372.04779167,71629.25720833,66416.57704167,81849.60167440907,81480.5030217944,74936.4565287889,72729.58892456305,87241.87938403577,59518.704684207456
2025-11-20,77654.57458333,71629.25720833,75394.72508333,81860.23730382182,75562.47313224975,75349.88090847945,72729.79401662052,80283.48878901331,53928.54378712412
2025-11-21,81505.41129166,71629.25720833,77224.80237501,81870.87293323457,81000.8779093657,74776.68667836704,72729.98668273083,86977.21120379886,59422.10235266556
2025-11-22,78580.31158333001,71629.25720833,74816.18320834,81881.50856264732,77117.79286400312,68495.85297930521,72730.02238003352,80179.3638779446,54734.836209073605
2025-11-23,72707.36508332999,71629.25720833,70248.53175001,81892.14419206006,71594.68682453677,62920.59735349138,72729.87041549261,73984.38283242918,48823.49308586999
2025-11-24,82285.24370833,71629.25720833,74499.63329166,81902.77982147281,81230.22881370233,73432.19628529169,72729.62848652551,86201.23553847296,59309.36737826155
2025-11-25,83301.59120832,71629.25720833,71629.25720833,81913.41545088556,82844.60486251905,74996.84501322776,72729.44977727006,88662.56010917763,61008.63094723254
2025-11-26,83898.32620832999,71629.25720833,66416.57704167,81924.0510802983,83184.00596635812,74872.90858582393,72729.4365656193,89331.16883111274,61400.46360235736
2025-11-27,85134.00712501,71629.25720833,75394.72508333,81934.68670971105,83153.54434248291,75286.36683734282,72729.5739534911,88833.90882418143,61541.65985818989
2025-11-28,87007.75133333,71629.25720833,77224.80237501,81945.3223391238,82678.63901354364,74713.20647905876,72729.74626865287,88498.16142228093,61187.77456472178
2025-11-29,80213.68083333,71629.25720833,74816.18320834,81955.95796853655,77109.13993167286,68432.40665182528,72729.82059797988,81879.36714377925,55113.14879318215
2025-11-30,75052.12554167,71629.25720833,70248.53175001,81966.5935979493,71330.707710041,62857.18489783979,72729.73743388431,75158.19583866085,49046.641601379386
2025-12-01,87575.05570833999,71629.25720833,74499.63329166,81977.22922736204,80784.9977833009,73368.81770146845,72729.54685787504,86573.85261585422,60521.99800355232
2025-12-02,88741.14766667,71629.25720833,71629.25720833,81987.86485677479,82709.0783876873,74933.50030123287,72729.36879482171,88234.19804591854,62295.28916759551
2025-12-03,88006.80474999,71629.25720833,66416.57704167,81998.50048618753,83052.97050714285,74809.59774565737,72729.30828705782,88355.77688947749,62696.22902057903
2025-12-04,86239.93816667,71629.25720833,75394.72508333,82009.13611560028,83027.47871998274,75223.08986900462,72729.38540604229,88018.64541886841,62846.5077472801
2025-12-05,86083.16279166,71629.25720833,77224.80237501,82019.77174501303,82558.00980305109,74649.9633825489,72729.52630858457,87283.27459510698,62501.664222033236
2025-12-06,81055.92516667,71629.25720833,74816.18320834,82030.40737442578,76994.40035758135,68369.19742714376,72729.61816567808,80457.1135254449,56436.023190625965
2025-12-07,76111.04166665999,71629.25720833,70248.53175001,82041.04300383852,71480.61514548848,62794.00954498662,72729.58743033196,73734.20656476587,50542.68053957479
2025-12-08,85913.86741667,71629.25720833,74499.63329166,82051.67863325127,81126.41000815091,73305.67622044362,72729.4473476727,85307.73137807139,61046.48553014635
2025-12-09,85042.76070833999,71629.25720833,71629.25720833,82062.31426266402,82751.94562562402,74870.39269203639,72729.28430833977,87153.02297090272,62763.578040670414
2025-12-10,83625.00529167001,71629.25720833,66416.57704167,82072.94989207677,83103.38548479334,74746.52400828924,72729.19557572289,87400.86974176618,63173.10523658717
2025-12-11,85721.17170833,71629.25720833,75394.72508333,82083.58552148951,83085.8121825888,75160.05000346483,72729.22305128537,87140.93601197976,63331.828381217
2025-12-12,87390.10820833,71629.25720833,77224.80237501,82094.22115090226,82624.61306014878,74586.95738883746,72729.32799331618,86397.90707311236,62995.268522312785
2025-12-13,80087.04695833,71629.25720833,74816.18320834,82104.856780315,77069.6043824865,68306.22530526067,72729.42153515154,79617.08508650855,56937.732435560756
2025-12-14,74479.59429167,71629.25720833,70248.53175001,82115.49240972775,71564.72971334243,62731.07129493187,72729.4273825683,72944.30128494938,51052.29792600232
2025-12-15,86922.68116666,71629.25720833,74499.63329166,82126.1280391405,81219.72287464578,73242.77184221722,72729.33262624868,84419.38557866159,61563.79609468682
2025-12-16,87314.82787501,71629.25720833,71629.25720833,82136.76366855325,82854.72174844061,74807.52218563833,72729.1930174817,86255.50136446425,63288.34861403643
2025-12-17,81901.42599999,71629.25720833,66416.57704167,82147.399297966,83215.86628969436,74683.68737371953,72729.0916175534,86520.87929162184,63705.0844312993
2025-12-18,80953.42720833,71629.25720833,75394.72508333,82158.03492737874,83208.21487601423,75097.24724072346,72729.08125703185,86276.55010516773,63870.746613011215
2025-12-19,81343.03395833,71629.25720833,77224.80237501,82168.67055679149,82757.12999005962,74524.18849792444,72729.15051651497,85537.87962002282,63540.83806545814
2025-12-20,76545.83583334001,71629.25720833,74816.18320834,82179.30618620424,77212.4024490983,68243.49028617599,72729.23491569985,78804.33610638458,57489.647512235315
2025-12-21,73120.26995833,71629.25720833,70248.53175001,82189.94181561698,71717.94983128057,62668.37014767554,72729.2633099987,72146.74724789895,51610.23482980657
2025-12-22,82438.34175001,71629.25720833,74499.63329166,82200.57744502973,81383.47948794135,73180.10456678923,72729.20627005544,83394.09133402855,62127.41334830287
2025-12-23,83896.03912501,71629.25720833,71629.25720833,82211.21307444248,83029.10239966854,74744.88878203869,72729.09368263217,85139.81944421148,63857.287160970984
2025-12-24,78709.00345833,71629.25720833,66416.57704167,82221.84870385523,81682.92137763972,74621.08784194823,72728.99136327032,83168.0637212984,62748.51926043407
2025-12-25,71112.40491667,71629.25720833,75394.72508333,82232.48433326797,75799.84357097714,75034.68158078051,72728.95468775334,76042.81774772337,57196.31848753566
2025-12-26,81667.20412501,71629.25720833,77224.80237501,82243.11996268072,81274.74367360787,74461.65670980983,72728.99178251918,82046.58561141718,62727.000083927436
2025-12-27,81916.083125,71629.25720833,74816.18320834,82253.75559209347,77429.60469524565,68180.99236988973,72729.06060027769,75863.41804553564,58075.937690010964
2025-12-28,78465.61291667001,71629.25720833,70248.53175001,82264.39122150622,71945.79915455803,62605.906103217625,72729.10001892946,69656.9861266525,52199.79640502727
2025-12-29,84829.54675,71629.25720833,74499.63329166,82275.02685091896,81621.89613910612,73117.67439415967,72729.0721291422,80705.49407220415,62719.78769912041
2025-12-30,84943.85133334,71629.25720833,71629.25720833,82285.66248033171,83277.9783113005,74682.49248123747,72728.98656195038,82516.79389791645,64452.00036290209
2025-12-31,79639.81437499999,71629.25720833,66416.57704167,82296.29810974446,83401.81148210923,74558.72541297536,72728.89141106412,82447.82739959523,64711.27766437149
